<?xml version="1.0" encoding="UTF-8"?>
<definitions
        xmlns="http://www.omg.org/spec/BPMN/20100524/MODEL"
        xmlns:flowable="http://flowable.org/bpmn"
        targetNamespace="Examples">

    <process id="formProcess" name="The form Process" flowable:initiator="initiator">
        <startEvent id="theStart">
            <extensionElements>
                <flowable:formProperty id="validScript" type="javascript" value="alert('表单已经加载完毕')">

                </flowable:formProperty>
            </extensionElements>
        </startEvent>
        <sequenceFlow id="flow1" sourceRef="theStart" targetRef="theTask" />
        <userTask id="theTask" name="my task" flowable:assignee="jinyangjie" />
        <sequenceFlow id="flow2" sourceRef="theTask" targetRef="theEnd" />
        <endEvent id="theEnd" />
    </process>

</definitions>