<?xml version="1.0" encoding="UTF-8"?>
<definitions
        xmlns:xsi="http://www.w3.org/2001/XMLSchema-instance"
        xmlns="http://www.omg.org/spec/BPMN/20100524/MODEL"
        xmlns:flowable="http://flowable.org/bpmn"
        targetNamespace="Examples">

    <process id="leaveProcess" name="The leave Process" >

        <extensionElements>
            <flowable:executionListener event="start" expression="${execution.setVariable('leave', leaveEntityManager.newLeave(execution))}}">
            </flowable:executionListener>
        </extensionElements>

        <startEvent id="theStart" flowable:initiator="applyUserId" flowable:formKey="leave"></startEvent>
        <sequenceFlow id="flow1" sourceRef="theStart" targetRef="theLeaderApprove" />

        <userTask id="theLeaderApprove" name="部门经理审批" flowable:candidateGroups="leader" flowable:formKey="approve"/>
        <sequenceFlow id="flow2" sourceRef="theLeaderApprove" targetRef="decision" />

        <exclusiveGateway id="decision"/>
        <sequenceFlow sourceRef="decision" targetRef="externalSystemCall">
            <conditionExpression xsi:type="tFormalExpression">
                <![CDATA[
                  ${approved}
                ]]>
            </conditionExpression>
        </sequenceFlow>
        <sequenceFlow  sourceRef="decision" targetRef="sendRejectionMail">
            <conditionExpression xsi:type="tFormalExpression">
                <![CDATA[
                  ${!approved}
                ]]>
            </conditionExpression>
        </sequenceFlow>

        <serviceTask id="externalSystemCall" name="向外部系统输入请假信息"
                     flowable:class="CallExternalSystemDelegate"/>
        <sequenceFlow sourceRef="externalSystemCall" targetRef="theEnd"/>

        <serviceTask id="sendRejectionMail" name="发送拒绝邮件"
                     flowable:class="SendRejectionMail"/>
        <sequenceFlow sourceRef="sendRejectionMail" targetRef="theEnd"/>

        <endEvent id="theEnd" />
    </process>

</definitions>